Id,SleepDay,TotalSleepRecords,TotalMinutesAsleep,TotalTimeInBed,Efficiency
1503960366,2016-04-12,1,327,346,94.50867052023122
1503960366,2016-04-13,2,384,407,94.34889434889435
1503960366,2016-04-15,1,412,442,93.21266968325791
1503960366,2016-04-16,2,340,367,92.64305177111717
1503960366,2016-04-17,1,700,712,98.31460674157303
1503960366,2016-04-19,1,304,320,95.0
1503960366,2016-04-20,1,360,377,95.49071618037135
1503960366,2016-04-21,1,325,364,89.28571428571429
1503960366,2016-04-23,1,361,384,94.01041666666666
1503960366,2016-04-24,1,430,449,95.7683741648107
1503960366,2016-04-25,1,277,323,85.75851393188854
1503960366,2016-04-26,1,245,274,89.41605839416059
1503960366,2016-04-28,1,366,393,93.12977099236642
1503960366,2016-04-29,1,341,354,96.32768361581921
1503960366,2016-04-30,1,404,425,95.05882352941177
1503960366,2016-05-01,1,369,396,93.18181818181817
1503960366,2016-05-02,1,277,309,89.64401294498381
1503960366,2016-05-03,1,273,296,92.22972972972973
1503960366,2016-05-05,1,247,264,93.56060606060606
1503960366,2016-05-06,1,334,367,91.00817438692098
1503960366,2016-05-07,1,331,349,94.84240687679083
1503960366,2016-05-08,1,594,611,97.21767594108019
1503960366,2016-05-09,1,338,342,98.83040935672514
1503960366,2016-05-10,1,383,403,95.03722084367246
1503960366,2016-05-11,1,285,306,93.13725490196079
1644430081,2016-04-29,1,119,127,93.7007874015748
1644430081,2016-04-30,1,124,142,87.32394366197182
1644430081,2016-05-02,1,796,961,82.83038501560874
1644430081,2016-05-08,1,137,154,88.96103896103897
1844505072,2016-04-15,1,644,961,67.01352757544224
1844505072,2016-04-30,1,722,961,75.13007284079085
1844505072,2016-05-01,1,590,961,61.39438085327783
1927972279,2016-04-12,3,750,775,96.7741935483871
1927972279,2016-04-13,1,398,422,94.3127962085308
1927972279,2016-04-15,2,475,499,95.19038076152304
1927972279,2016-04-26,1,296,315,93.96825396825396
1927972279,2016-04-28,1,166,178,93.25842696629213
2026352035,2016-04-12,1,503,546,92.12454212454212
2026352035,2016-04-13,1,531,565,93.98230088495575
2026352035,2016-04-14,1,545,568,95.95070422535211
2026352035,2016-04-15,1,523,573,91.2739965095986
2026352035,2016-04-16,1,524,567,92.41622574955908
2026352035,2016-04-17,1,437,498,87.75100401606426
2026352035,2016-04-19,1,498,540,92.22222222222223
2026352035,2016-04-20,1,461,510,90.3921568627451
2026352035,2016-04-21,1,477,514,92.80155642023347
2026352035,2016-04-22,1,520,545,95.41284403669725
2026352035,2016-04-23,1,522,554,94.22382671480143
2026352035,2016-04-24,1,555,591,93.90862944162437
2026352035,2016-04-25,1,506,531,95.29190207156309
2026352035,2016-04-27,1,508,545,93.21100917431193
2026352035,2016-04-28,1,513,545,94.12844036697248
2026352035,2016-04-29,1,490,510,96.07843137254902
2026352035,2016-04-30,1,573,607,94.3986820428336
2026352035,2016-05-01,1,527,546,96.52014652014653
2026352035,2016-05-02,1,511,543,94.10681399631676
2026352035,2016-05-04,1,538,560,96.07142857142857
2026352035,2016-05-05,1,468,485,96.49484536082474
2026352035,2016-05-06,1,524,548,95.62043795620438
2026352035,2016-05-07,1,511,521,98.0806142034549
2026352035,2016-05-08,1,541,568,95.24647887323944
2026352035,2016-05-09,1,531,556,95.50359712230215
2026352035,2016-05-10,1,357,380,93.94736842105263
2026352035,2016-05-11,1,523,553,94.57504520795659
2026352035,2016-05-12,1,456,485,94.02061855670102
2320127002,2016-04-23,1,61,69,88.40579710144928
2347167796,2016-04-13,1,467,531,87.94726930320151
2347167796,2016-04-14,1,445,489,91.00204498977506
2347167796,2016-04-15,1,452,504,89.68253968253968
2347167796,2016-04-17,1,556,602,92.35880398671097
2347167796,2016-04-18,1,500,557,89.76660682226212
2347167796,2016-04-19,1,465,514,90.46692607003891
2347167796,2016-04-21,1,460,484,95.0413223140496
2347167796,2016-04-22,1,405,461,87.85249457700651
2347167796,2016-04-23,1,374,386,96.89119170984456
2347167796,2016-04-24,1,442,459,96.29629629629629
2347167796,2016-04-25,1,433,471,91.93205944798302
2347167796,2016-04-26,1,436,490,88.9795918367347
2347167796,2016-04-27,1,448,499,89.77955911823648
2347167796,2016-04-28,1,408,450,90.66666666666666
2347167796,2016-04-29,1,411,473,86.89217758985201
3977333714,2016-04-12,1,274,469,58.42217484008528
3977333714,2016-04-13,2,295,456,64.69298245614034
3977333714,2016-04-14,1,291,397,73.29974811083123
3977333714,2016-04-15,1,424,556,76.2589928057554
3977333714,2016-04-16,1,283,510,55.490196078431374
3977333714,2016-04-17,1,381,566,67.31448763250883
3977333714,2016-04-18,2,412,522,78.9272030651341
3977333714,2016-04-19,1,219,395,55.44303797468354
3977333714,2016-04-20,2,152,305,49.8360655737705
3977333714,2016-04-21,1,332,512,64.84375
3977333714,2016-04-22,1,355,476,74.57983193277312
3977333714,2016-04-23,1,235,372,63.17204301075269
3977333714,2016-04-24,1,310,526,58.935361216730044
3977333714,2016-04-25,1,262,467,56.102783725910065
3977333714,2016-04-26,1,250,371,67.38544474393531
3977333714,2016-04-27,1,349,540,64.62962962962962
3977333714,2016-04-28,1,261,423,61.702127659574465
3977333714,2016-04-29,1,333,478,69.6652719665272
3977333714,2016-04-30,1,237,382,62.04188481675392
3977333714,2016-05-01,1,383,626,61.18210862619809
3977333714,2016-05-02,1,230,384,59.895833333333336
3977333714,2016-05-03,1,292,500,58.4
3977333714,2016-05-04,1,213,336,63.39285714285714
3977333714,2016-05-05,1,318,480,66.25
3977333714,2016-05-06,1,323,512,63.0859375
3977333714,2016-05-07,1,237,443,53.49887133182845
3977333714,2016-05-08,2,259,456,56.79824561403509
3977333714,2016-05-10,1,312,452,69.02654867256636
4020332650,2016-04-12,1,501,541,92.60628465804066
4020332650,2016-04-16,1,77,77,100.0
4020332650,2016-05-03,1,322,332,96.98795180722891
4020332650,2016-05-04,1,478,536,89.17910447761194
4020332650,2016-05-05,1,226,248,91.12903225806451
4020332650,2016-05-06,1,385,408,94.36274509803921
4020332650,2016-05-08,1,364,402,90.54726368159204
4020332650,2016-05-10,1,442,494,89.47368421052632
4319703577,2016-04-14,1,535,557,96.05026929982047
4319703577,2016-04-15,1,465,491,94.70468431771894
4319703577,2016-04-16,1,506,522,96.93486590038314
4319703577,2016-04-18,1,515,551,93.46642468239564
4319703577,2016-04-19,2,461,498,92.570281124498
4319703577,2016-04-20,1,523,543,96.31675874769797
4319703577,2016-04-21,1,59,65,90.76923076923077
4319703577,2016-04-22,1,533,550,96.9090909090909
4319703577,2016-04-23,1,692,722,95.84487534626038
4319703577,2016-04-24,1,467,501,93.21357285429141
4319703577,2016-04-25,1,488,506,96.44268774703558
4319703577,2016-04-26,1,505,516,97.86821705426357
4319703577,2016-04-27,1,286,307,93.15960912052117
4319703577,2016-04-28,1,497,522,95.21072796934867
4319703577,2016-04-29,1,523,546,95.7875457875458
4319703577,2016-04-30,1,490,516,94.96124031007753
4319703577,2016-05-01,1,484,500,96.8
4319703577,2016-05-02,1,478,506,94.46640316205533
4319703577,2016-05-03,1,474,512,92.578125
4319703577,2016-05-06,1,450,491,91.64969450101833
4319703577,2016-05-07,1,507,530,95.66037735849056
4319703577,2016-05-08,1,602,638,94.35736677115987
4319703577,2016-05-09,1,535,565,94.69026548672566
4319703577,2016-05-10,1,487,517,94.1972920696325
4319703577,2016-05-11,1,529,558,94.80286738351255
4319703577,2016-05-12,1,302,321,94.0809968847352
4388161847,2016-04-15,1,499,526,94.86692015209125
4388161847,2016-04-16,2,426,448,95.08928571428571
4388161847,2016-04-17,2,619,641,96.56786271450858
4388161847,2016-04-18,1,99,104,95.1923076923077
4388161847,2016-04-19,1,329,338,97.33727810650888
4388161847,2016-04-20,1,421,451,93.34811529933481
4388161847,2016-04-21,1,442,458,96.50655021834062
4388161847,2016-04-22,1,82,85,96.47058823529412
4388161847,2016-04-23,1,478,501,95.40918163672654
4388161847,2016-04-24,3,552,595,92.77310924369748
4388161847,2016-04-26,1,319,346,92.1965317919075
4388161847,2016-04-27,1,439,500,87.8
4388161847,2016-04-28,1,428,458,93.44978165938865
4388161847,2016-04-30,2,409,430,95.11627906976744
4388161847,2016-05-01,1,547,597,91.62479061976549
4388161847,2016-05-02,2,368,376,97.87234042553192
4388161847,2016-05-04,1,390,414,94.20289855072464
4388161847,2016-05-05,1,471,495,95.15151515151516
4388161847,2016-05-07,1,472,496,95.16129032258065
4388161847,2016-05-08,2,529,541,97.78188539741221
4388161847,2016-05-09,1,62,65,95.38461538461539
4388161847,2016-05-10,1,354,375,94.39999999999999
4388161847,2016-05-11,1,469,494,94.93927125506073
4445114986,2016-04-12,2,429,457,93.8730853391685
4445114986,2016-04-13,2,370,406,91.13300492610837
4445114986,2016-04-14,1,441,492,89.63414634146342
4445114986,2016-04-15,2,337,379,88.91820580474933
4445114986,2016-04-16,1,462,499,92.58517034068137
4445114986,2016-04-17,1,98,107,91.58878504672897
4445114986,2016-04-19,2,388,424,91.50943396226415
4445114986,2016-04-20,1,439,462,95.02164502164501
4445114986,2016-04-21,1,436,469,92.96375266524521
4445114986,2016-04-22,1,388,417,93.04556354916068
4445114986,2016-04-25,1,328,345,95.07246376811594
4445114986,2016-04-26,2,353,391,90.28132992327366
4445114986,2016-04-27,1,332,374,88.77005347593582
4445114986,2016-04-28,1,419,442,94.79638009049773
4445114986,2016-04-29,1,106,108,98.14814814814815
4445114986,2016-04-30,1,322,353,91.21813031161473
4445114986,2016-05-01,2,439,459,95.64270152505446
4445114986,2016-05-02,1,502,542,92.619926199262
4445114986,2016-05-03,2,417,450,92.66666666666666
4445114986,2016-05-04,2,337,363,92.8374655647383
4445114986,2016-05-05,2,462,513,90.05847953216374
4445114986,2016-05-06,2,374,402,93.03482587064677
4445114986,2016-05-07,2,401,436,91.97247706422019
4445114986,2016-05-08,1,361,391,92.32736572890026
4445114986,2016-05-09,1,457,533,85.74108818011257
4445114986,2016-05-10,1,405,426,95.07042253521126
4445114986,2016-05-11,1,499,530,94.15094339622641
4445114986,2016-05-12,1,483,501,96.40718562874252
4558609924,2016-04-21,1,126,137,91.97080291970804
4558609924,2016-04-26,1,103,121,85.12396694214877
4558609924,2016-04-29,1,171,179,95.53072625698324
4558609924,2016-05-01,1,115,129,89.14728682170544
4558609924,2016-05-08,1,123,134,91.7910447761194
4702921684,2016-04-12,1,425,439,96.81093394077449
4702921684,2016-04-13,2,400,430,93.02325581395348
4702921684,2016-04-14,1,384,415,92.53012048192771
4702921684,2016-04-15,1,253,257,98.44357976653697
4702921684,2016-04-16,2,382,406,94.08866995073892
4702921684,2016-04-17,1,591,612,96.56862745098039
4702921684,2016-04-18,1,293,312,93.91025641025641
4702921684,2016-04-19,1,457,487,93.83983572895276
4702921684,2016-04-20,1,454,468,97.00854700854701
4702921684,2016-04-21,1,425,434,97.92626728110599
4702921684,2016-04-23,1,465,475,97.89473684210527
4702921684,2016-04-24,1,480,506,94.86166007905138
4702921684,2016-04-25,1,370,380,97.36842105263158
4702921684,2016-04-26,1,421,429,98.13519813519814
4702921684,2016-04-27,1,432,449,96.21380846325167
4702921684,2016-04-28,1,442,461,95.87852494577007
4702921684,2016-04-29,1,433,447,96.86800894854586
4702921684,2016-04-30,1,479,501,95.60878243512974
4702921684,2016-05-03,1,327,373,87.66756032171583
4702921684,2016-05-04,1,412,434,94.93087557603687
4702921684,2016-05-05,1,414,428,96.72897196261682
4702921684,2016-05-06,1,404,449,89.97772828507794
4702921684,2016-05-07,1,520,543,95.76427255985267
4702921684,2016-05-09,1,435,458,94.97816593886463
4702921684,2016-05-10,1,416,431,96.51972157772622
4702921684,2016-05-11,1,354,366,96.72131147540983
4702921684,2016-05-12,1,404,442,91.4027149321267
5553957443,2016-04-12,1,441,464,95.04310344827587
5553957443,2016-04-13,2,455,488,93.23770491803278
5553957443,2016-04-14,1,357,418,85.4066985645933
5553957443,2016-04-15,1,377,409,92.1760391198044
5553957443,2016-04-16,2,651,686,94.89795918367348
5553957443,2016-04-17,1,350,402,87.06467661691542
5553957443,2016-04-18,2,520,541,96.11829944547135
5553957443,2016-04-19,1,357,410,87.07317073170732
5553957443,2016-04-20,1,658,678,97.05014749262537
5553957443,2016-04-21,1,399,431,92.5754060324826
5553957443,2016-04-22,1,322,353,91.21813031161473
5553957443,2016-04-23,2,631,725,87.0344827586207
5553957443,2016-04-24,2,553,640,86.40625
5553957443,2016-04-25,1,433,468,92.52136752136752
5553957443,2016-04-26,1,412,453,90.94922737306842
5553957443,2016-04-27,1,347,391,88.7468030690537
5553957443,2016-04-28,1,421,457,92.12253829321662
5553957443,2016-04-29,1,450,495,90.9090909090909
5553957443,2016-04-30,2,775,843,91.93357058125741
5553957443,2016-05-01,2,622,686,90.67055393586006
5553957443,2016-05-02,1,409,471,86.83651804670913
5553957443,2016-05-03,1,380,429,88.57808857808858
5553957443,2016-05-04,1,447,470,95.1063829787234
5553957443,2016-05-05,1,419,464,90.30172413793103
5553957443,2016-05-06,1,400,434,92.16589861751152
5553957443,2016-05-07,1,442,470,94.04255319148936
5553957443,2016-05-08,1,568,608,93.42105263157895
5553957443,2016-05-09,1,453,494,91.7004048582996
5553957443,2016-05-10,1,418,443,94.35665914221218
5553957443,2016-05-11,1,463,486,95.26748971193416
5553957443,2016-05-12,1,438,475,92.21052631578948
5577150313,2016-04-12,1,419,438,95.662100456621
5577150313,2016-04-13,1,432,458,94.32314410480349
5577150313,2016-04-14,1,477,497,95.97585513078471
5577150313,2016-04-15,1,392,413,94.91525423728814
5577150313,2016-04-16,1,406,445,91.23595505617978
5577150313,2016-04-17,1,549,583,94.16809605488851
5577150313,2016-04-18,1,527,553,95.29837251356238
5577150313,2016-04-19,1,449,465,96.55913978494624
5577150313,2016-04-20,1,447,480,93.125
5577150313,2016-04-21,1,414,437,94.73684210526315
5577150313,2016-04-22,1,338,366,92.34972677595628
5577150313,2016-04-23,1,384,402,95.52238805970148
5577150313,2016-04-24,1,543,615,88.29268292682927
5577150313,2016-04-25,1,421,461,91.3232104121475
5577150313,2016-04-26,1,354,377,93.89920424403184
5577150313,2016-04-27,1,424,452,93.80530973451327
5577150313,2016-04-28,1,361,372,97.04301075268818
5577150313,2016-04-29,1,459,485,94.63917525773195
5577150313,2016-04-30,1,412,433,95.1501154734411
5577150313,2016-05-01,1,379,398,95.22613065326632
5577150313,2016-05-02,2,525,553,94.9367088607595
5577150313,2016-05-03,1,508,543,93.55432780847146
5577150313,2016-05-04,1,603,634,95.11041009463722
5577150313,2016-05-05,1,74,78,94.87179487179486
5577150313,2016-05-10,1,504,562,89.6797153024911
5577150313,2016-05-11,1,431,476,90.54621848739495
6117666160,2016-04-16,1,380,398,95.47738693467338
6117666160,2016-04-17,2,336,350,96.0
6117666160,2016-04-18,2,493,510,96.66666666666667
6117666160,2016-04-19,1,465,492,94.51219512195121
6117666160,2016-04-20,1,474,502,94.42231075697211
6117666160,2016-04-21,1,508,550,92.36363636363636
6117666160,2016-04-22,1,480,546,87.91208791208791
6117666160,2016-04-23,1,492,539,91.28014842300557
6117666160,2016-04-24,1,353,367,96.18528610354224
6117666160,2016-04-27,1,542,557,97.30700179533214
6117666160,2016-04-28,1,393,416,94.47115384615384
6117666160,2016-04-29,1,600,636,94.33962264150944
6117666160,2016-05-01,1,507,575,88.17391304347825
6117666160,2016-05-05,1,392,415,94.4578313253012
6117666160,2016-05-06,2,658,698,94.26934097421203
6117666160,2016-05-07,2,498,507,98.22485207100591
6117666160,2016-05-08,1,555,603,92.03980099502488
6117666160,2016-05-09,1,492,522,94.25287356321839
6775888955,2016-04-13,1,235,260,90.38461538461539
6775888955,2016-04-14,1,423,441,95.91836734693877
6775888955,2016-04-15,1,391,406,96.30541871921181
6962181067,2016-04-12,1,366,387,94.57364341085271
6962181067,2016-04-13,3,630,679,92.78350515463917
6962181067,2016-04-14,2,508,535,94.95327102803738
6962181067,2016-04-15,1,370,386,95.85492227979275
6962181067,2016-04-16,1,357,366,97.54098360655738
6962181067,2016-04-17,1,427,446,95.73991031390135
6962181067,2016-04-18,1,442,458,96.50655021834062
6962181067,2016-04-19,1,476,535,88.97196261682242
6962181067,2016-04-20,1,418,424,98.58490566037736
6962181067,2016-04-21,1,451,457,98.6870897155361
6962181067,2016-04-22,1,425,435,97.70114942528735
6962181067,2016-04-23,1,528,546,96.7032967032967
6962181067,2016-04-24,1,511,514,99.41634241245137
6962181067,2016-04-25,1,400,415,96.3855421686747
6962181067,2016-04-26,1,441,446,98.87892376681614
6962181067,2016-04-27,1,455,467,97.4304068522484
6962181067,2016-04-28,1,440,453,97.13024282560706
6962181067,2016-04-29,1,433,447,96.86800894854586
6962181067,2016-04-30,1,422,424,99.52830188679245
6962181067,2016-05-01,1,411,426,96.47887323943662
6962181067,2016-05-02,1,466,482,96.6804979253112
6962181067,2016-05-03,1,394,418,94.25837320574163
6962181067,2016-05-04,1,442,455,97.14285714285714
6962181067,2016-05-05,1,467,491,95.11201629327903
6962181067,2016-05-06,1,443,462,95.88744588744589
6962181067,2016-05-07,1,298,334,89.22155688622755
6962181067,2016-05-08,1,541,569,95.07908611599298
6962181067,2016-05-09,1,489,497,98.39034205231388
6962181067,2016-05-10,1,469,481,97.5051975051975
6962181067,2016-05-11,1,452,480,94.16666666666667
6962181067,2016-05-12,1,516,535,96.44859813084112
7007744171,2016-04-16,1,79,82,96.34146341463415
7007744171,2016-05-01,1,58,61,95.08196721311475
7086361926,2016-04-12,1,514,525,97.90476190476191
7086361926,2016-04-13,1,451,465,96.98924731182795
7086361926,2016-04-14,1,472,476,99.15966386554622
7086361926,2016-04-15,1,377,386,97.66839378238342
7086361926,2016-04-19,1,472,483,97.72256728778468
7086361926,2016-04-20,1,492,502,98.00796812749005
7086361926,2016-04-21,1,390,411,94.8905109489051
7086361926,2016-04-22,1,428,448,95.53571428571429
7086361926,2016-04-24,1,681,704,96.73295454545455
7086361926,2016-04-25,1,446,447,99.77628635346755
7086361926,2016-04-26,1,485,500,97.0
7086361926,2016-04-27,1,469,479,97.91231732776617
7086361926,2016-04-28,1,354,367,96.45776566757493
7086361926,2016-04-30,1,485,489,99.18200408997954
7086361926,2016-05-01,1,388,407,95.33169533169533
7086361926,2016-05-02,1,440,459,95.86056644880175
7086361926,2016-05-03,1,456,461,98.91540130151843
7086361926,2016-05-04,1,420,436,96.3302752293578
7086361926,2016-05-06,1,322,333,96.69669669669669
7086361926,2016-05-07,1,530,548,96.71532846715328
7086361926,2016-05-08,1,481,510,94.31372549019608
7086361926,2016-05-09,1,427,438,97.48858447488584
7086361926,2016-05-11,1,451,463,97.40820734341253
7086361926,2016-05-12,1,444,457,97.15536105032822
8053475328,2016-04-20,1,486,493,98.58012170385395
8053475328,2016-04-23,1,331,337,98.21958456973294
8053475328,2016-05-07,1,74,75,98.66666666666667
8378563200,2016-04-12,1,338,356,94.9438202247191
8378563200,2016-04-13,2,447,487,91.78644763860369
8378563200,2016-04-14,1,424,455,93.18681318681318
8378563200,2016-04-15,1,513,533,96.24765478424015
8378563200,2016-04-16,2,611,689,88.67924528301887
8378563200,2016-04-17,2,525,591,88.83248730964468
8378563200,2016-04-18,1,398,451,88.24833702882484
8378563200,2016-04-19,1,387,421,91.92399049881234
8378563200,2016-04-20,1,381,409,93.15403422982885
8378563200,2016-04-21,1,396,417,94.96402877697841
8378563200,2016-04-22,1,441,469,94.02985074626866
8378563200,2016-04-23,1,565,591,95.60067681895093
8378563200,2016-04-24,1,458,492,93.08943089430895
8378563200,2016-04-25,1,388,402,96.51741293532339
8378563200,2016-04-26,1,550,584,94.17808219178082
8378563200,2016-04-27,1,531,600,88.5
8378563200,2016-04-28,1,506,556,91.00719424460432
8378563200,2016-04-29,1,527,562,93.77224199288257
8378563200,2016-04-30,1,468,555,84.32432432432432
8378563200,2016-05-01,1,475,539,88.12615955473099
8378563200,2016-05-02,1,351,385,91.16883116883116
8378563200,2016-05-03,1,405,429,94.4055944055944
8378563200,2016-05-04,1,441,477,92.45283018867924
8378563200,2016-05-05,1,381,417,91.36690647482014
8378563200,2016-05-06,1,323,355,90.98591549295774
8378563200,2016-05-07,2,459,513,89.47368421052632
8378563200,2016-05-08,1,545,606,89.93399339933993
8378563200,2016-05-09,1,359,399,89.97493734335839
8378563200,2016-05-10,1,342,391,87.46803069053708
8378563200,2016-05-11,1,368,387,95.09043927648578
8378563200,2016-05-12,1,496,546,90.84249084249085
8792009665,2016-04-12,1,458,493,92.90060851926978
8792009665,2016-04-13,1,531,552,96.19565217391305
8792009665,2016-04-14,1,486,503,96.62027833001989
8792009665,2016-04-15,1,363,377,96.28647214854111
8792009665,2016-04-20,1,528,547,96.52650822669105
8792009665,2016-04-22,1,391,407,96.06879606879608
8792009665,2016-04-23,1,339,360,94.16666666666667
8792009665,2016-04-27,1,423,428,98.83177570093457
8792009665,2016-04-28,1,402,416,96.63461538461539
8792009665,2016-04-29,1,398,406,98.0295566502463
8792009665,2016-04-30,1,343,360,95.27777777777777
8792009665,2016-05-01,1,503,527,95.44592030360532
8792009665,2016-05-02,1,415,423,98.10874704491725
8792009665,2016-05-03,1,516,545,94.67889908256882
8792009665,2016-05-04,1,439,463,94.81641468682506
