Id,AvgSteps,AvgCalories,AvgSedentaryMin,Days
1503960366,12116.741935483871,1816.4193548387098,848.1612903225806,31
1624580081,5743.903225806452,1483.3548387096773,1257.741935483871,31
1644430081,7282.966666666666,2811.3,1161.8666666666666,30
1844505072,2580.064516129032,1573.483870967742,1206.6129032258063,31
1927972279,916.1290322580645,2172.8064516129034,1317.4193548387098,31
2022484408,11370.645161290322,2509.967741935484,1112.5806451612902,31
2026352035,5566.870967741936,1540.6451612903227,689.4193548387096,31
2320127002,4716.870967741936,1724.1612903225807,1220.0967741935483,31
2347167796,9519.666666666666,2043.4444444444443,687.1666666666666,18
2873212765,7555.774193548387,1916.967741935484,1097.1935483870968,31
3372868164,6861.65,1933.1,1077.55,20
3977333714,10984.566666666668,1513.6666666666667,707.5333333333333,30
4020332650,2267.2258064516127,2385.8064516129034,1237.258064516129,31
4057192912,3838.0,1973.75,1217.25,4
4319703577,7268.8387096774195,2037.6774193548388,735.8064516129032,31
4388161847,10813.935483870968,3093.8709677419356,836.6774193548387,31
4445114986,4796.548387096775,2186.1935483870966,829.9032258064516,31
4558609924,7685.129032258064,2033.258064516129,1093.6129032258063,31
4702921684,8572.064516129032,2965.548387096774,766.4193548387096,31
5553957443,8612.58064516129,1875.6774193548388,668.3548387096774,31
5577150313,8304.433333333332,3359.633333333333,754.4333333333333,30
6117666160,7046.714285714285,2261.1428571428573,796.2857142857143,28
6290855005,5649.551724137931,2599.6206896551726,1193.0344827586207,29
6775888955,2519.6923076923076,2131.769230769231,1299.423076923077,26
6962181067,9794.806451612903,1982.032258064516,662.3225806451613,31
7007744171,11323.423076923076,2544.0,1055.3461538461538,26
7086361926,9371.774193548386,2566.3548387096776,850.4516129032259,31
8053475328,14763.290322580646,2945.8064516129034,1148.0,31
8253242879,6482.1578947368425,1788.0,1287.3684210526317,19
8378563200,8717.709677419354,3436.5806451612902,716.1290322580645,31
8583815059,7198.5161290322585,2732.032258064516,1267.225806451613,31
8792009665,1853.7241379310344,1962.3103448275863,1060.4827586206898,29
8877689391,16040.032258064517,3420.2580645161293,1112.8709677419354,31
